repository	module	file	line	match
framework	context	app/core_modules/context/classes/contextforms_class_inc.php	221	        $htmlEditor = $this->newObject('htmlarea', 'htmlelements');
framework	contextadmin	app/core_modules/contextadmin/classes/utils_class_inc.php	553	            $inpAbout =  $this->newObject('htmlarea','htmlelements');
framework	contextadmin	app/core_modules/contextadmin/templates/content/step2.php	42	$htmlEditor = $this->newObject('htmlarea', 'htmlelements');
framework	contextadmin	app/core_modules/contextadmin/templates/content/step3.php	136	        $editor = $this->newObject('htmlarea', 'htmlelements');
framework	contextadmin	app/core_modules/contextadmin/templates/content/step3.php	180	            $editor = $this->newObject('htmlarea', 'htmlelements');
framework	stories	app/core_modules/stories/templates/content/editform_tpl.php	307	$editor = $this->newObject('htmlarea', 'htmlelements');
framework	userregistration	app/core_modules/userregistration/templates/content/invite_tpl.php	7	$this->loadClass('htmlarea', 'htmlelements');
framework	userregistration	app/core_modules/userregistration/templates/content/invite_tpl.php	57	$friendmsg = $this->newObject('htmlarea', 'htmlelements');
modules	about	about/classes/fsabout_class_inc.php	129	        $editor =  $this->newObject('htmlarea', 'htmlelements');
modules	announcements	announcements/classes/announcementstools_class_inc.php	44	        $this->objEditor = $this->newObject('htmlarea', 'htmlelements');
modules	announcements	announcements/templates/content/addedit_tpl.php	176	$htmlArea = $this->newObject('htmlarea', 'htmlelements');
modules	artdir	artdir/classes/artdircategories_class_inc.php	300	        $this->loadClass('htmlarea', 'htmlelements');
modules	artdir	artdir/classes/artdirui_class_inc.php	696	        $bio = $this->newObject('htmlarea', 'htmlelements');
modules	artdir	artdir/classes/artdirui_class_inc.php	878	        $bio = $this->newObject('htmlarea', 'htmlelements');
modules	assignment	assignment/templates/content/addedit_assignment_tpl.php	481	$objEditor = $this->newObject('htmlarea', 'htmlelements');
modules	assignment	assignment/templates/content/assignment_view_tpl.php	144	            $objEditor = $this->newObject('htmlarea', 'htmlelements');
modules	assignment	assignment/templates/content/viewassignment_tpl.php	270	            $htmlArea = $this->newObject('htmlarea', 'htmlelements');
modules	beatstream	beatstream/classes/beatops_class_inc.php	110	        $this->loadClass('htmlarea', 'htmlelements');
modules	beatstream	beatstream/classes/beatui_class_inc.php	115	        $this->loadClass('htmlarea', 'htmlelements');
modules	blog	blog/classes/blogcategories_class_inc.php	284	        $this->loadClass('htmlarea', 'htmlelements');
modules	blog	blog/classes/bloglinksandroll_class_inc.php	363	        $this->loadClass('htmlarea', 'htmlelements');
modules	blog	blog/classes/bloglinksandroll_class_inc.php	402	        $bprf = $this->newObject('htmlarea', 'htmlelements');
modules	blog	blog/classes/blogposts_class_inc.php	604	        $this->loadClass('htmlarea', 'htmlelements');
modules	blog	blog/classes/blogposts_class_inc.php	740	        $pcon = $this->newObject('htmlarea', 'htmlelements');
modules	blog	blog/classes/blogprofiles_class_inc.php	103	        $this->loadClass('htmlarea', 'htmlelements');
modules	blog	blog/classes/blogprofiles_class_inc.php	151	        $bprf = $this->newObject('htmlarea', 'htmlelements');
modules	blog	blog/templates/content/blogadminmenu_tpl.php	8	$this->loadClass('htmlarea', 'htmlelements');
modules	blogcomments	blogcomments/classes/commentapi_class_inc.php	78				//$this->loadClass('htmlarea', 'htmlelements');
modules	blogcomments	blogcomments/classes/commentapi_class_inc.php	150				$comm = $this->getObject('htmlarea','htmlelements');
modules	calendar	calendar/templates/content/addedit_event_tpl.php	53	$bodyInput = & $this->newObject('htmlarea', 'htmlelements');
modules	calendar	calendar/templates/content/addedit_event_tpl.php	238	$detailsTextArea = & $this->newObject('htmlarea', 'htmlelements'); //new textarea('details');
modules	cmsadmin	cmsadmin/classes/cmsutils_class_inc.php	1802	            $bodyInput = $this->newObject('htmlarea', 'htmlelements');
modules	cmsadmin	cmsadmin/classes/cmsutils_class_inc.php	3213	            $introText = $this->newObject('htmlarea', 'htmlelements');
modules	cmsadmin	cmsadmin/classes/cmsutils_class_inc.php	5174	            $bodyInput = $this->newObject('htmlarea', 'htmlelements');
modules	cmsadmin	cmsadmin/classes/cmsutils_class_inc.php	5385	                $introInput = $this->newObject('htmlarea', 'htmlelements');
modules	cmsadmin	cmsadmin/classes/cmsutils_class_inc.php	5413	            $bodyInput = $this->newObject('htmlarea', 'htmlelements');
modules	cmsadmin	cmsadmin/classes/cmsutils_class_inc.php	5662	            $bodyInput = $this->newObject('htmlarea', 'htmlelements');
modules	cmsadmin	cmsadmin/classes/cmsutils_class_inc.php	6085	            $bodyInput = $this->newObject('htmlarea', 'htmlelements');
modules	cmsadmin	cmsadmin/classes/cmsutils_class_inc.php	6533	            $introInput = $this->newObject('htmlarea', 'htmlelements');
modules	cmsadmin	cmsadmin/classes/cmsutils_class_inc.php	6562	            $bodyInput = $this->newObject('htmlarea', 'htmlelements');
modules	cmsadmin	cmsadmin/templates/content/cms_category_add_tpl.php	12	$bodyInput = & $this->newObject('htmlarea', 'htmlelements');
modules	cmsadmin	cmsadmin/templates/content/cms_config_leftblocks_tpl.php	11	$objEditor = $this->newObject('htmlarea', 'htmlelements');
modules	cmsadmin	cmsadmin/templates/content/cms_test_tpl.php	4	$objEditor = $this->getObject('htmlarea', 'htmlelements');
modules	cmsadmin	cmsadmin/templates/content/cms_test_tpl.php	310	$introInput = $this->newObject('htmlarea', 'htmlelements');
modules	cmscomments	cmscomments/classes/commentapi_class_inc.php	82				//$this->loadClass('htmlarea', 'htmlelements');
modules	cmscomments	cmscomments/classes/commentapi_class_inc.php	137				$comm = $this->getObject('htmlarea','htmlelements');
modules	collectionsman	collectionsman/classes/collectionops_class_inc.php	111	        $this->loadClass('htmlarea', 'htmlelements');
modules	collectionsman	collectionsman/classes/collectionops_class_inc.php	160	        $desc = $this->newObject('htmlarea', 'htmlelements');
modules	collectionsman	collectionsman/classes/collectionops_class_inc.php	226	        $this->loadClass('htmlarea', 'htmlelements');
modules	contentblocks	contentblocks/classes/contentblockui_class_inc.php	491	        $objElement = $this->newObject('htmlarea', 'htmlelements');
modules	contextcontent	contextcontent/templates/content/addeditchapter_tpl.php	103	$htmlArea = $this->newObject('htmlarea', 'htmlelements');
modules	contextcontent	contextcontent/templates/content/addeditpage_tpl.php	50	$htmlarea = $this->newObject('htmlarea', 'htmlelements');
modules	contextcontent	contextcontent/templates/content/nochapters_tpl.php	29	$htmlArea = $this->newObject('htmlarea', 'htmlelements');
modules	das	das/classes/dasops_class_inc.php	155	            //$this->loadClass('htmlarea', 'htmlelements');
modules	das	das/classes/dasops_class_inc.php	178	            $comm = $this->getObject ( 'htmlarea', 'htmlelements' );
modules	discussion	discussion/classes/block_editpost_class_inc.php	105	        $editor = &$this->newObject('htmlarea', 'htmlelements');
modules	discussion	discussion/classes/block_newtopic_class_inc.php	217	        $editor = &$this->newObject('htmlarea', 'htmlelements');
modules	discussion	discussion/classes/block_topicmoderation_class_inc.php	344	        $editor = &$this->newObject('htmlarea', 'htmlelements');
modules	discussion	discussion/classes/dbpost_class_inc.php	816	                                $editor = &$this->newObject('htmlarea', 'htmlelements');
modules	discussion	discussion/classes/dbpost_class_inc.php	1535	                        $editor = &$this->newObject('htmlarea', 'htmlelements');
modules	discussion	discussion/controller.php	174	                $this->ckElement = $this->newObject('htmlarea', 'htmlelements');
modules	discussion	discussion/templates/content/discussion_editpost.php	84	//$editor=&$this->newObject('htmlarea','htmlelements');
modules	discussion	discussion/templates/content/discussion_moderatetopic.php	316	//$editor=&$this->newObject('htmlarea','htmlelements');
modules	discussion	discussion/templates/content/discussion_newtopic.php	194	//$editor=&$this->newObject('htmlarea','htmlelements');
modules	discussion	discussion/templates/content/discussion_postreply.php	170	//$editor=&$this->newObject('htmlarea','htmlelements');
modules	discussion	discussion/templates/content/discussion_topicstatus.php	86	$editor=&$this->newObject('htmlarea','htmlelements');
modules	discussion	discussion/templates/content/discussion_translatepost_form.php	75	$editor=&$this->newObject('htmlarea','htmlelements');
modules	efl	efl/templates/content/addeditessay_tpl.php	82	$htmlarea = $this->newObject('htmlarea', 'htmlelements');
modules	elsitraining	elsitraining/templates/content/addedittraining_tpl.php	22	$editor = $this->newObject('htmlarea', 'htmlelements');
modules	eportfolio	eportfolio/templates/content/add_activity_tpl.php	125	$editor = $this->newObject('htmlarea', 'htmlelements');
modules	eportfolio	eportfolio/templates/content/add_affiliation_tpl.php	147	$editor = $this->newObject('htmlarea', 'htmlelements');
modules	eportfolio	eportfolio/templates/content/add_assertion_tpl.php	106	    $editor = $this->newObject('htmlarea', 'htmlelements');
modules	eportfolio	eportfolio/templates/content/add_competency_tpl.php	90	$editor = $this->newObject('htmlarea', 'htmlelements');
modules	eportfolio	eportfolio/templates/content/add_goals_tpl.php	165	$editor = $this->newObject('htmlarea', 'htmlelements');
modules	eportfolio	eportfolio/templates/content/add_interest_tpl.php	89	$editor = $this->newObject('htmlarea', 'htmlelements');
modules	eportfolio	eportfolio/templates/content/add_product_tpl.php	171	$editor = $this->newObject('htmlarea', 'htmlelements');
modules	eportfolio	eportfolio/templates/content/add_qcl_tpl.php	131	$editor = $this->newObject('htmlarea', 'htmlelements');
modules	eportfolio	eportfolio/templates/content/add_reflection_tpl.php	96	$editor = $this->newObject('htmlarea', 'htmlelements');
modules	eportfolio	eportfolio/templates/content/add_transcript_tpl.php	67	$editor = $this->newObject('htmlarea', 'htmlelements');
modules	eportfolio	eportfolio/templates/content/edit_activity_tpl.php	134	$editor = $this->newObject('htmlarea', 'htmlelements');
modules	eportfolio	eportfolio/templates/content/edit_affiliation_tpl.php	153	$editor = $this->newObject('htmlarea', 'htmlelements');
modules	eportfolio	eportfolio/templates/content/edit_assertion_tpl.php	106	    $editor = $this->newObject('htmlarea', 'htmlelements');
modules	eportfolio	eportfolio/templates/content/edit_competency_tpl.php	94	$editor = $this->newObject('htmlarea', 'htmlelements');
modules	eportfolio	eportfolio/templates/content/edit_goals_tpl.php	180	$editor = $this->newObject('htmlarea', 'htmlelements');
modules	eportfolio	eportfolio/templates/content/edit_interest_tpl.php	93	$editor = $this->newObject('htmlarea', 'htmlelements');
modules	eportfolio	eportfolio/templates/content/edit_product_tpl.php	177	$editor = $this->newObject('htmlarea', 'htmlelements');
modules	eportfolio	eportfolio/templates/content/edit_qcl_tpl.php	135	$editor = $this->newObject('htmlarea', 'htmlelements');
modules	eportfolio	eportfolio/templates/content/edit_reflection_tpl.php	99	$editor = $this->newObject('htmlarea', 'htmlelements');
modules	eportfolio	eportfolio/templates/content/edit_transcript_tpl.php	68	$editor = $this->newObject('htmlarea', 'htmlelements');
modules	etd	etd/classes/configure_class_inc.php	56	            $this->objEditor = $this->newObject('htmlarea', 'htmlelements');
modules	etd	etd/classes/management_class_inc.php	70	            $this->objEditor = $this->newObject('htmlarea', 'htmlelements');
modules	etd	etd/classes/submit_class_inc.php	57	            $this->objEditor = $this->newObject('htmlarea', 'htmlelements');
modules	events	events/classes/eventsops_class_inc.php	1103	        $this->loadClass('htmlarea', 'htmlelements');
modules	events	events/classes/eventsops_class_inc.php	1143	        $friendmsg = $this->newObject('htmlarea', 'htmlelements');
modules	events	events/classes/eventsops_class_inc.php	1340	        $description = $this->newObject('htmlarea', 'htmlelements');
modules	events	events/classes/eventsops_class_inc.php	1852	        $vdescription = $this->newObject('htmlarea', 'htmlelements');
modules	events	events/classes/eventssocial_class_inc.php	121	        $this->loadClass('htmlarea', 'htmlelements');
modules	eventscalendar	eventscalendar/templates/content/add_tpl.php	16	$objEditor = & $this->newObject('htmlarea', 'htmlelements');
modules	examiners	examiners/classes/examdisplay_class_inc.php	106	        $this->objEditor = $this->newObject('htmlarea', 'htmlelements');
modules	faq	faq/templates/content/add_tpl.php	56	$answer = $this->newObject('htmlarea', 'htmlelements');
modules	faq	faq/templates/content/edit_tpl.php	58	$answer = $this->newObject('htmlarea', 'htmlelements');
modules	featuresuggest	featuresuggest/classes/featureops_class_inc.php	110	        $this->loadClass('htmlarea', 'htmlelements');
modules	featuresuggest	featuresuggest/classes/featuresui_class_inc.php	112	        $this->loadClass('htmlarea', 'htmlelements');
modules	formbuilder	formbuilder/classes/form_entity_textarea_class_inc.php	111	      $this->loadClass('htmlarea','htmlelements');
modules	formbuilder	formbuilder/classes/form_entity_textarea_class_inc.php	490	//$taUnderConstruction = $this->newObject('htmlarea','htmlelements');
modules	formbuilder	formbuilder/classes/form_entity_textarea_class_inc.php	529	//     $taUnderConstruction = $this->newObject('htmlarea','htmlelements');
modules	formbuilder	formbuilder/classes/form_entity_textarea_class_inc.php	591	//  $this->objTextArea = $this->newObject('htmlarea','htmlelements');
modules	formbuilder	formbuilder/classes/form_entity_textarea_class_inc.php	627	//  $this->objTextArea = $this->newObject('htmlarea','htmlelements');
modules	formbuilder	formbuilder/templates/content/form_element_editor.php	71	$this->loadClass('htmlarea', 'htmlelements');
modules	formbuilder	formbuilder/templates/content/form_element_editor.php	204	//   $ha = $this->newObject('htmlarea','htmlelements');
modules	forms	forms/classes/ui_class_inc.php	251	            $bodyInput = $this->newObject('htmlarea', 'htmlelements');
modules	forum	forum/classes/block_editpost_class_inc.php	105	        $editor = &$this->newObject('htmlarea', 'htmlelements');
modules	forum	forum/classes/block_newtopic_class_inc.php	217	        $editor = &$this->newObject('htmlarea', 'htmlelements');
modules	forum	forum/classes/block_topicmoderation_class_inc.php	344	        $editor = &$this->newObject('htmlarea', 'htmlelements');
modules	forum	forum/classes/dbpost_class_inc.php	1011	                                $editor = &$this->newObject('htmlarea', 'htmlelements');
modules	forum	forum/classes/dbpost_class_inc.php	1567	                        $editor = &$this->newObject('htmlarea', 'htmlelements');
modules	forum	forum/controller.php	179	                $this->ckElement = $this->newObject('htmlarea', 'htmlelements');
modules	forum	forum/templates/content/forum_editpost.php	84	//$editor=&$this->newObject('htmlarea','htmlelements');
modules	forum	forum/templates/content/forum_moderatetopic.php	316	//$editor=&$this->newObject('htmlarea','htmlelements');
modules	forum	forum/templates/content/forum_newtopic.php	194	//$editor=&$this->newObject('htmlarea','htmlelements');
modules	forum	forum/templates/content/forum_postreply.php	170	//$editor=&$this->newObject('htmlarea','htmlelements');
modules	forum	forum/templates/content/forum_topicstatus.php	86	$editor=&$this->newObject('htmlarea','htmlelements');
modules	forum	forum/templates/content/forum_translatepost_form.php	75	$editor=&$this->newObject('htmlarea','htmlelements');
modules	gift	gift/templates/content/addeditgift_tpl.php	49	$editor = $this->newObject('htmlarea', 'htmlelements');
modules	gift	gift/templates/content/addeditgift_tpl.php	137	$editor = $this->newObject('htmlarea', 'htmlelements');
modules	hivaids	hivaids/classes/hivaidstools_class_inc.php	462	        $objEditor = $this->newObject('htmlarea', 'htmlelements');
modules	hivaidsforum	hivaidsforum/classes/hivtools_class_inc.php	45	        $this->objEditor = $this->newObject('htmlarea', 'htmlelements');
modules	homepage	homepage/templates/content/edithomepage_tpl.php	13		$htmlarea = $this->getObject("htmlarea","htmlelements");
modules	hosportal	hosportal/classes/editmessage_class_inc.php	183	      // $objHTMLArea= $this->loadClass('htmlarea','htmlelements');
modules	hosportal	hosportal/classes/editmessage_class_inc.php	184	     //  $objHTMLArea= $this->newObject('htmlarea','htmlelements');
modules	hotels	hotels/classes/dbhotelscategories_class_inc.php	576	            $objIntroduction = $this->newObject('htmlarea', 'htmlelements');
modules	hotels	hotels/templates/content/addeditstory.php	304	$htmlarea = $this->newObject('htmlarea', 'htmlelements');
modules	hrwizard	hrwizard/classes/hrwizardops_class_inc.php	206				//$this->loadClass('htmlarea', 'htmlelements');
modules	hrwizard	hrwizard/classes/hrwizardops_class_inc.php	261				$comm = $this->getObject('htmlarea','htmlelements');
modules	im	im/classes/imops_class_inc.php	116	            //$this->loadClass('htmlarea', 'htmlelements');
modules	im	im/classes/imops_class_inc.php	139	            $comm = $this->getObject ( 'htmlarea', 'htmlelements' );
modules	internalmail	internalmail/templates/content/addressbook_tpl.php	24	$objEditor = $this->loadClass('htmlarea', 'htmlelements');
modules	internalmail	internalmail/templates/content/entries_tpl.php	55	$objEditor = $this->loadClass('htmlarea', 'htmlelements');
modules	jturnitin	jturnitin/classes/forms_class_inc.php	72	            //$this->loadClass('htmlarea', 'htmlelements');
modules	jukskei	jukskei/templates/content/addeditarticle_tpl.php	39	$htmlarea = $this->newObject('htmlarea', 'htmlelements');
modules	jukskei	jukskei/templates/content/addedittopic_tpl.php	39	$htmlarea = $this->newObject('htmlarea', 'htmlelements');
modules	kngimport	kngimport/classes/utils_class_inc.php	535				$inpAbout =  $this->newObject('htmlarea','htmlelements');
modules	kngimport	kngimport/templates/content/add_tpl.php	17	    $editor=$this->newObject('htmlarea','htmlelements');
modules	kngimport	kngimport/templates/content/addstep2_tpl.php	17	$inpAbout =  $this->newObject('htmlarea','htmlelements');
modules	kngimport	kngimport/templates/content/chisimbaToIMS_tpl.php	8	$this->loadClass('htmlarea', 'htmlelements');
modules	kngimport	kngimport/templates/content/edit_tpl.php	20	        $editor=$this->newObject('htmlarea','htmlelements');
modules	kngimport	kngimport/templates/content/eduCommonsToChisimba_tpl.php	8	$this->loadClass('htmlarea', 'htmlelements');
modules	learningcontent	learningcontent/templates/content/addeditchapter_tpl.php	36	$htmlArea = $this->newObject('htmlarea', 'htmlelements');
modules	learningcontent	learningcontent/templates/content/addeditpage_tpl.php	49	$htmlarea = $this->newObject('htmlarea', 'htmlelements');
modules	learningcontent	learningcontent/templates/content/addeditscormchapter_tpl.php	160	//$htmlArea = $this->newObject('htmlarea', 'htmlelements');
modules	learningcontent	learningcontent/templates/content/addeditscormpage_tpl.php	180	//$htmlArea = $this->newObject('htmlarea', 'htmlelements');
modules	learningcontent	learningcontent/templates/content/addedittfpchapter_tpl.php	36	$htmlArea = $this->newObject('htmlarea', 'htmlelements');
modules	learningcontent	learningcontent/templates/content/nochapters_tpl.php	29	$htmlArea = $this->newObject('htmlarea', 'htmlelements');
modules	liftclub	liftclub/templates/content/invite_tpl.php	7	$this->loadClass('htmlarea', 'htmlelements');
modules	liftclub	liftclub/templates/content/invite_tpl.php	50	$friendmsg = $this->newObject('htmlarea', 'htmlelements');
modules	mailmannews	mailmannews/templates/content/sendletter_tpl.php	10	$this->loadClass('htmlarea', 'htmlelements');
modules	mailmannews	mailmannews/templates/content/sendletter_tpl.php	22	$qpcontent = $this->newObject('htmlarea', 'htmlelements');
modules	mcqtests	mcqtests/classes/formmanager_class_inc.php	64	        $this->loadClass('htmlarea', 'htmlelements');
modules	mcqtests	mcqtests/classes/formmanager_class_inc.php	144	        $objEditor = $this->newObject('htmlarea', 'htmlelements');
modules	mcqtests	mcqtests/classes/formmanager_class_inc.php	225	        $this->loadClass('htmlarea', 'htmlelements');
modules	mcqtests	mcqtests/classes/formmanager_class_inc.php	350	            $objAddEditor = $this->getObject('htmlarea', 'htmlelements');
modules	mcqtests	mcqtests/classes/formmanager_class_inc.php	636	        $editor = $this->newObject('htmlarea', 'htmlelements');
modules	mcqtests	mcqtests/classes/formmanager_class_inc.php	945	        $editor = $this->newObject('htmlarea', 'htmlelements');
modules	mcqtests	mcqtests/classes/formmanager_class_inc.php	963	        $editor = $this->newObject('htmlarea', 'htmlelements');
modules	mcqtests	mcqtests/classes/formmanager_class_inc.php	1253	        $editor = $this->newObject('htmlarea', 'htmlelements');
modules	mcqtests	mcqtests/classes/formmanager_class_inc.php	1287	        $editor = $this->newObject('htmlarea', 'htmlelements');
modules	mcqtests	mcqtests/classes/formmanager_class_inc.php	1349	        $editor = $this->newObject('htmlarea', 'htmlelements');
modules	mcqtests	mcqtests/classes/formmanager_class_inc.php	1396	        $editor = $this->newObject('htmlarea', 'htmlelements');
modules	mcqtests	mcqtests/classes/formmanager_class_inc.php	1443	        $editor = $this->newObject('htmlarea', 'htmlelements');
modules	mcqtests	mcqtests/classes/formmanager_class_inc.php	1834	        $editor = $this->newObject('htmlarea', 'htmlelements');
modules	mcqtests	mcqtests/classes/formmanager_class_inc.php	1880	        $editor = $this->newObject('htmlarea', 'htmlelements');
modules	mcqtests	mcqtests/classes/formmanager_class_inc.php	2812	        $editor = $this->newObject('htmlarea', 'htmlelements');
modules	mcqtests	mcqtests/classes/formmanager_class_inc.php	2858	        $editor = $this->newObject('htmlarea', 'htmlelements');
modules	mcqtests	mcqtests/classes/formmanager_class_inc.php	3665	        $instruction = $this->newObject('htmlarea', 'htmlelements');
modules	mcqtests	mcqtests/classes/formmanager_class_inc.php	4086	        $feedback = $this->newObject('htmlarea', 'htmlelements');
modules	mcqtests	mcqtests/classes/formmanager_class_inc.php	4253	        $editor = $this->newObject('htmlarea', 'htmlelements');
modules	mcqtests	mcqtests/classes/formmanager_class_inc.php	4287	        $editor = $this->newObject('htmlarea', 'htmlelements');
modules	mcqtests	mcqtests/classes/formmanager_class_inc.php	4421	            $editor = $this->newObject('htmlarea', 'htmlelements');
modules	mcqtests	mcqtests/classes/formmanager_class_inc.php	4479	        $editor = $this->newObject('htmlarea', 'htmlelements');
modules	mcqtests	mcqtests/classes/numerical_question_class_inc.php	118	            $editor = $this->newObject('htmlarea', 'htmlelements');
modules	mcqtests	mcqtests/classes/numerical_question_class_inc.php	201	        $editor = $this->newObject('htmlarea', 'htmlelements');
modules	mcqtests	mcqtests/classes/question_calculated_formmanager_class_inc.php	9	        $this->loadClass('htmlarea', 'htmlelements');
modules	mcqtests	mcqtests/classes/question_calculated_formmanager_class_inc.php	72	        $editor = $this->newObject('htmlarea', 'htmlelements');
modules	mcqtests	mcqtests/classes/question_calculated_formmanager_class_inc.php	101	        $editor = $this->newObject('htmlarea', 'htmlelements');
modules	mcqtests	mcqtests/classes/question_calculated_formmanager_class_inc.php	303	            $editor = $this->newObject('htmlarea', 'htmlelements');
modules	mcqtests	mcqtests/classes/short_answer_question_class_inc.php	90	            $editor = $this->newObject('htmlarea', 'htmlelements');
modules	mcqtests	mcqtests/classes/short_answer_question_class_inc.php	131	        $editor = $this->newObject('htmlarea', 'htmlelements');
modules	mcqtests	mcqtests/templates/content/addfreeform_tpl.php	8	   $this->loadClass('htmlarea','htmlelements');
modules	mcqtests	mcqtests/templates/content/addfreeform_tpl.php	85	   $objEditor = $this->newObject('htmlarea','htmlelements');
modules	mcqtests	mcqtests/templates/content/addquestion_tpl.php	28	$objEditor = $this->newObject('htmlarea', 'htmlelements');
modules	microsites	microsites/templates/content/addcontent_tpl.php	76	$htmlArea = $this->newObject('htmlarea', 'htmlelements');
modules	mynotes	mynotes/classes/noteops_class_inc.php	290	        $editor = $this->newObject('htmlarea', 'htmlelements');
modules	news	news/classes/dbnewscategories_class_inc.php	615	            $objIntroduction = $this->newObject('htmlarea', 'htmlelements');
modules	news	news/templates/content/addeditstory.php	322	$htmlarea = $this->newObject('htmlarea', 'htmlelements');
modules	oer	oer/classes/adaptationmanager_class_inc.php	220	        $description = $this->newObject('htmlarea', 'htmlelements');
modules	oer	oer/classes/adaptationmanager_class_inc.php	568	        $adaptation_notes = $this->newObject('htmlarea', 'htmlelements');
modules	oer	oer/classes/adaptationmanager_class_inc.php	663	        $description = $this->newObject('htmlarea', 'htmlelements');
modules	oer	oer/classes/adaptationmanager_class_inc.php	680	        $abstract = $this->newObject('htmlarea', 'htmlelements');
modules	oer	oer/classes/adaptationmanager_class_inc.php	697	        $provenonce = $this->newObject('htmlarea', 'htmlelements');
modules	oer	oer/classes/groupedit_class_inc.php	194	        $editor = $this->newObject('htmlarea', 'htmlelements');
modules	oer	oer/classes/institutionedit_class_inc.php	219	        $editor = $this->newObject('htmlarea', 'htmlelements');
modules	oer	oer/classes/productmanager_class_inc.php	487	        $description = $this->newObject('htmlarea', 'htmlelements');
modules	oer	oer/classes/productmanager_class_inc.php	504	        $abstract = $this->newObject('htmlarea', 'htmlelements');
modules	oer	oer/classes/productmanager_class_inc.php	521	        $provenonce = $this->newObject('htmlarea', 'htmlelements');
modules	oer	oer/classes/sectionmanager_class_inc.php	326	        $forward = $this->newObject('htmlarea', 'htmlelements');
modules	oer	oer/classes/sectionmanager_class_inc.php	340	        $background = $this->newObject('htmlarea', 'htmlelements');
modules	oer	oer/classes/sectionmanager_class_inc.php	354	        $description = $this->newObject('htmlarea', 'htmlelements');
modules	oer	oer/classes/sectionmanager_class_inc.php	870	        $contentField = $this->newObject('htmlarea', 'htmlelements');
modules	podcaster	podcaster/templates/content/tpl_addeditpodcast.php	112	$editor = $this->newObject('htmlarea', 'htmlelements');
modules	practicals	practicals/templates/content/addedit_practical_tpl.php	561	$objEditor = $this->newObject('htmlarea', 'htmlelements');
modules	practicals	practicals/templates/content/practical_view_tpl.php	144	            $objEditor = $this->newObject('htmlarea', 'htmlelements');
modules	practicals	practicals/templates/content/viewpractical_tpl.php	266	            $htmlArea = $this->newObject('htmlarea', 'htmlelements');
modules	profiles	profiles/classes/profiletools_class_inc.php	36	            $this->editor = $this->newObject('htmlarea', 'htmlelements');
modules	qrcreator	qrcreator/classes/qrops_class_inc.php	178	        $this->loadClass('htmlarea', 'htmlelements');
modules	qrcreator	qrcreator/classes/qrops_class_inc.php	193	        $msg = $this->newObject('htmlarea', 'htmlelements');
modules	qrcreator	qrcreator/classes/qrops_class_inc.php	226	        $this->loadClass('htmlarea', 'htmlelements');
modules	qrcreator	qrcreator/classes/qrops_class_inc.php	266	        $friendmsg = $this->newObject('htmlarea', 'htmlelements');
modules	qrreview	qrreview/classes/reviewops_class_inc.php	124	        $this->loadClass('htmlarea', 'htmlelements');
modules	qrreview	qrreview/classes/reviewops_class_inc.php	163	        $msg = $this->newObject('htmlarea', 'htmlelements');
modules	qrreview	qrreview/classes/reviewops_class_inc.php	255	        $this->loadClass('htmlarea', 'htmlelements');
modules	racemap	racemap/classes/racemapops_class_inc.php	115	        $this->loadClass('htmlarea', 'htmlelements');
modules	racemap	racemap/classes/racemapops_class_inc.php	167	        $friendmsg = $this->newObject('htmlarea', 'htmlelements');
modules	racemap	racemap/classes/racemapops_class_inc.php	966	        $this->loadClass('htmlarea', 'htmlelements');
modules	racemap	racemap/classes/racemapops_class_inc.php	996	        $d = $this->newObject('htmlarea', 'htmlelements');
modules	radio	radio/templates/content/admin_page.php	14	$this->loadClass('htmlarea', 'htmlelements');
modules	radio	radio/templates/content/main_tpl.php	14	$this->loadClass('htmlarea', 'htmlelements');
modules	radio	radio/templates/content/playlist_admin.php	15	$this->loadClass('htmlarea', 'htmlelements');
modules	recipes	recipes/classes/recipesops_class_inc.php	104	        $this->loadClass('htmlarea', 'htmlelements');
modules	recipes	recipes/classes/recipesops_class_inc.php	136	        $cdesc = $this->newObject('htmlarea', 'htmlelements');
modules	recipes	recipes/classes/recipesops_class_inc.php	238	        $this->loadClass('htmlarea', 'htmlelements');
modules	recipes	recipes/classes/recipesops_class_inc.php	303	        $ing = $this->newObject('htmlarea', 'htmlelements');
modules	recipes	recipes/classes/recipesops_class_inc.php	335	        $rins = $this->newObject('htmlarea', 'htmlelements');
modules	recipes	recipes/classes/recipesops_class_inc.php	384	        $summ = $this->newObject('htmlarea', 'htmlelements');
modules	registerinterest	registerinterest/classes/riops_class_inc.php	221	        $this->loadClass('htmlarea', 'htmlelements');
modules	registerinterest	registerinterest/classes/riops_class_inc.php	245	        $msg = $this->getObject('htmlarea', 'htmlelements');
modules	sahriscollectionsman	sahriscollectionsman/classes/sahriscollectionsops_class_inc.php	112	        $this->loadClass('htmlarea', 'htmlelements');
modules	sahriscollectionsman	sahriscollectionsman/classes/sahriscollectionsops_class_inc.php	132	        $comment = $this->newObject('htmlarea', 'htmlelements');
modules	sahriscollectionsman	sahriscollectionsman/classes/sahriscollectionsops_class_inc.php	167	        $this->loadClass('htmlarea', 'htmlelements');
modules	sahriscollectionsman	sahriscollectionsman/classes/sahriscollectionsops_class_inc.php	221	        $desc = $this->newObject('htmlarea', 'htmlelements');
modules	sahriscollectionsman	sahriscollectionsman/classes/sahriscollectionsops_class_inc.php	281	        // $this->loadClass('htmlarea', 'htmlelements');
modules	sahriscollectionsman	sahriscollectionsman/classes/sahriscollectionsops_class_inc.php	325	        $this->loadClass('htmlarea', 'htmlelements');
modules	sahriscollectionsman	sahriscollectionsman/classes/sahriscollectionsops_class_inc.php	830	        $this->loadClass('htmlarea', 'htmlelements');
modules	sahriscollectionsman	sahriscollectionsman/classes/sahriscollectionsops_class_inc.php	1613	        $this->loadClass('htmlarea', 'htmlelements');
modules	sahriscollectionsman	sahriscollectionsman/classes/sahriscollectionsops_class_inc.php	1664	        $sc = $this->newObject('htmlarea', 'htmlelements');
modules	sahriscollectionsman	sahriscollectionsman/classes/sahriscollectionsops_class_inc.php	1789	            $this->loadClass('htmlarea', 'htmlelements');
modules	simpleblog	simpleblog/classes/editdescription_class_inc.php	182	        $editor = $this->newObject('htmlarea', 'htmlelements');
modules	simpleblog	simpleblog/classes/editor_class_inc.php	259	        $editor = $this->newObject('htmlarea', 'htmlelements');
modules	simpleregistration	simpleregistration/templates/content/addeditevent.php	89	$instfield = $this->newObject('htmlarea', 'htmlelements');
modules	simpleregistration	simpleregistration/templates/content/addeditevent.php	101	$contentfield = $this->newObject('htmlarea', 'htmlelements');
modules	simpleregistration	simpleregistration/templates/content/addeditevent.php	113	$lefttitle1field = $this->newObject('htmlarea', 'htmlelements');
modules	simpleregistration	simpleregistration/templates/content/addeditevent.php	125	$lefttitle2field = $this->newObject('htmlarea', 'htmlelements');
modules	simpleregistration	simpleregistration/templates/content/addeditevent.php	138	$footerfield = $this->newObject('htmlarea', 'htmlelements');
modules	simpleregistration	simpleregistration/templates/content/eventcontent_tpl.php	35	$instfield = $this->newObject('htmlarea', 'htmlelements');
modules	simpleregistration	simpleregistration/templates/content/eventcontent_tpl.php	44	$contentfield = $this->newObject('htmlarea', 'htmlelements');
modules	simpleregistration	simpleregistration/templates/content/eventcontent_tpl.php	53	$lefttitle1field = $this->newObject('htmlarea', 'htmlelements');
modules	simpleregistration	simpleregistration/templates/content/eventcontent_tpl.php	62	$lefttitle2field = $this->newObject('htmlarea', 'htmlelements');
modules	simpleregistration	simpleregistration/templates/content/eventcontent_tpl.php	71	$footerfield = $this->newObject('htmlarea', 'htmlelements');
modules	speak4free	speak4free/templates/content/addeditarticle_tpl.php	30	$htmlarea = $this->newObject('htmlarea', 'htmlelements');
modules	speak4free	speak4free/templates/content/addedittopic_tpl.php	30	$htmlarea = $this->newObject('htmlarea', 'htmlelements');
modules	survey	survey/templates/content/add_edit_tpl.php	29	$objEditor = $this->newObject('htmlarea', 'htmlelements');
modules	survey	survey/templates/content/pages_tpl.php	24	    $objEditor=$this->newObject('htmlarea','htmlelements');
modules	textblock	textblock/classes/contentblockui_class_inc.php	491	        $objElement = $this->newObject('htmlarea', 'htmlelements');
modules	turnitin	turnitin/classes/forms_class_inc.php	72	            //$this->loadClass('htmlarea', 'htmlelements');
modules	tutorials	tutorials/classes/tutorialsdisplay_class_inc.php	147	        $this->objEditor = $this->newObject('htmlarea','htmlelements');
modules	tweetlic	tweetlic/classes/tweetlicops_class_inc.php	103	        $this->loadClass('htmlarea', 'htmlelements');
modules	worksheet	worksheet/templates/content/answer_worksheet_tpl.php	115	        $objEditor = $this->newObject('htmlarea', 'htmlelements');
modules	worksheet	worksheet/templates/content/answerworksheet_tpl.php	63	                $htmlArea = $this->newObject('htmlarea', 'htmlelements');
modules	worksheet	worksheet/templates/content/editquestion_tpl.php	74	    $htmlArea = $this->newObject('htmlarea', 'htmlelements');
modules	worksheet	worksheet/templates/content/preview_tpl.php	54	                $htmlArea = $this->newObject('htmlarea', 'htmlelements');
modules	worksheet	worksheet/templates/content/step1_tpl.php	56	$htmlArea = $this->newObject('htmlarea', 'htmlelements');
modules	worksheet	worksheet/templates/content/step2_tpl.php	119	    $htmlArea = $this->newObject('htmlarea', 'htmlelements');
modules	worksheetadmin	worksheetadmin/templates/content/addedit_question_tpl.php	125	    $objEditor = $this->newObject('htmlarea', 'htmlelements');
